ID,Name,Email,Age,Country
1,Name_1,user1@example.com,31,USA
2,Name_2,user2@example.com,31,India
3,Name_3,user3@example.com,59,Canada
4,Name_4,user4@example.com,53,India
5,Name_5,user5@example.com,54,India
6,Name_6,user6@example.com,52,USA
7,Name_7,user7@example.com,65,India
8,Name_8,user8@example.com,43,Canada
9,Name_9,user9@example.com,43,UK
10,Name_10,user10@example.com,24,Germany
11,Name_11,user11@example.com,22,USA
12,Name_12,user12@example.com,33,Canada
13,Name_13,user13@example.com,47,Canada
14,Name_14,user14@example.com,49,Canada
15,Name_15,user15@example.com,19,Canada
16,Name_16,user16@example.com,54,Canada
17,Name_17,user17@example.com,69,UK
18,Name_18,user18@example.com,46,Germany
19,Name_19,user19@example.com,20,Germany
20,Name_20,user20@example.com,19,Germany
21,Name_21,user21@example.com,31,Canada
22,Name_22,user22@example.com,64,Canada
23,Name_23,user23@example.com,61,UK
24,Name_24,user24@example.com,21,USA
25,Name_25,user25@example.com,60,UK
26,Name_26,user26@example.com,39,Germany
27,Name_27,user27@example.com,39,Canada
28,Name_28,user28@example.com,68,Canada
29,Name_29,user29@example.com,24,UK
30,Name_30,user30@example.com,44,USA
31,Name_31,user31@example.com,58,USA
32,Name_32,user32@example.com,42,Canada
33,Name_33,user33@example.com,50,India
34,Name_34,user34@example.com,56,India
35,Name_35,user35@example.com,52,USA
36,Name_36,user36@example.com,53,UK
37,Name_37,user37@example.com,25,USA
38,Name_38,user38@example.com,31,Germany
39,Name_39,user39@example.com,57,Canada
40,Name_40,user40@example.com,43,USA
41,Name_41,user41@example.com,23,Canada
42,Name_42,user42@example.com,47,India
43,Name_43,user43@example.com,29,Germany
44,Name_44,user44@example.com,47,UK
45,Name_45,user45@example.com,58,Canada
46,Name_46,user46@example.com,46,UK
47,Name_47,user47@example.com,63,USA
48,Name_48,user48@example.com,59,Germany
49,Name_49,user49@example.com,34,Canada
50,Name_50,user50@example.com,69,Germany
51,Name_51,user51@example.com,67,India
52,Name_52,user52@example.com,49,Germany
53,Name_53,user53@example.com,44,UK
54,Name_54,user54@example.com,54,UK
55,Name_55,user55@example.com,41,India
56,Name_56,user56@example.com,69,UK
57,Name_57,user57@example.com,68,USA
58,Name_58,user58@example.com,34,Germany
59,Name_59,user59@example.com,39,Canada
60,Name_60,user60@example.com,61,Germany
61,Name_61,user61@example.com,47,India
62,Name_62,user62@example.com,65,Germany
63,Name_63,user63@example.com,29,Canada
64,Name_64,user64@example.com,33,Canada
65,Name_65,user65@example.com,40,Canada
66,Name_66,user66@example.com,32,USA
67,Name_67,user67@example.com,42,Canada
68,Name_68,user68@example.com,19,India
69,Name_69,user69@example.com,50,India
70,Name_70,user70@example.com,64,Germany
71,Name_71,user71@example.com,61,Germany
72,Name_72,user72@example.com,22,India
73,Name_73,user73@example.com,56,India
74,Name_74,user74@example.com,29,UK
75,Name_75,user75@example.com,56,USA
76,Name_76,user76@example.com,61,Canada
77,Name_77,user77@example.com,27,India
78,Name_78,user78@example.com,48,USA
79,Name_79,user79@example.com,43,UK
80,Name_80,user80@example.com,19,Germany
81,Name_81,user81@example.com,34,Germany
82,Name_82,user82@example.com,48,Canada
83,Name_83,user83@example.com,69,Canada
84,Name_84,user84@example.com,52,Germany
85,Name_85,user85@example.com,29,Canada
86,Name_86,user86@example.com,52,Germany
87,Name_87,user87@example.com,29,India
88,Name_88,user88@example.com,47,Canada
89,Name_89,user89@example.com,52,UK
90,Name_90,user90@example.com,28,Germany
91,Name_91,user91@example.com,51,Germany
92,Name_92,user92@example.com,36,India
93,Name_93,user93@example.com,54,India
94,Name_94,user94@example.com,44,Germany
95,Name_95,user95@example.com,45,Germany
96,Name_96,user96@example.com,31,UK
97,Name_97,user97@example.com,40,Germany
98,Name_98,user98@example.com,64,Canada
99,Name_99,user99@example.com,60,Germany
100,Name_100,user100@example.com,69,Canada
101,Name_101,user101@example.com,49,India
102,Name_102,user102@example.com,38,USA
103,Name_103,user103@example.com,21,USA
104,Name_104,user104@example.com,63,India
105,Name_105,user105@example.com,18,UK
106,Name_106,user106@example.com,63,USA
107,Name_107,user107@example.com,34,USA
108,Name_108,user108@example.com,35,UK
109,Name_109,user109@example.com,29,Canada
110,Name_110,user110@example.com,59,Germany
111,Name_111,user111@example.com,66,Canada
112,Name_112,user112@example.com,25,Canada
113,Name_113,user113@example.com,61,India
114,Name_114,user114@example.com,41,India
115,Name_115,user115@example.com,36,USA
116,Name_116,user116@example.com,69,USA
117,Name_117,user117@example.com,31,India
118,Name_118,user118@example.com,68,Canada
119,Name_119,user119@example.com,27,Canada
120,Name_120,user120@example.com,23,UK
121,Name_121,user121@example.com,47,Canada
122,Name_122,user122@example.com,48,Germany
123,Name_123,user123@example.com,42,India
124,Name_124,user124@example.com,40,UK
125,Name_125,user125@example.com,60,Germany
126,Name_126,user126@example.com,39,USA
127,Name_127,user127@example.com,57,India
128,Name_128,user128@example.com,56,USA
129,Name_129,user129@example.com,61,Canada
130,Name_130,user130@example.com,20,Canada
131,Name_131,user131@example.com,32,UK
132,Name_132,user132@example.com,44,India
133,Name_133,user133@example.com,57,USA
134,Name_134,user134@example.com,35,USA
135,Name_135,user135@example.com,52,UK
136,Name_136,user136@example.com,29,UK
137,Name_137,user137@example.com,19,India
138,Name_138,user138@example.com,39,USA
139,Name_139,user139@example.com,49,USA
140,Name_140,user140@example.com,28,Germany
141,Name_141,user141@example.com,51,Canada
142,Name_142,user142@example.com,52,USA
143,Name_143,user143@example.com,66,UK
144,Name_144,user144@example.com,30,India
145,Name_145,user145@example.com,31,India
146,Name_146,user146@example.com,34,USA
147,Name_147,user147@example.com,38,USA
148,Name_148,user148@example.com,21,USA
149,Name_149,user149@example.com,31,Canada
150,Name_150,user150@example.com,69,UK
151,Name_151,user151@example.com,33,Germany
152,Name_152,user152@example.com,65,India
153,Name_153,user153@example.com,41,USA
154,Name_154,user154@example.com,19,UK
155,Name_155,user155@example.com,21,UK
156,Name_156,user156@example.com,56,Canada
157,Name_157,user157@example.com,68,India
158,Name_158,user158@example.com,28,India
159,Name_159,user159@example.com,63,India
160,Name_160,user160@example.com,18,India
161,Name_161,user161@example.com,23,Canada
162,Name_162,user162@example.com,20,UK
163,Name_163,user163@example.com,36,USA
164,Name_164,user164@example.com,36,UK
165,Name_165,user165@example.com,53,India
166,Name_166,user166@example.com,56,Canada
167,Name_167,user167@example.com,34,USA
168,Name_168,user168@example.com,36,USA
169,Name_169,user169@example.com,36,Germany
170,Name_170,user170@example.com,69,USA
171,Name_171,user171@example.com,50,India
172,Name_172,user172@example.com,42,UK
173,Name_173,user173@example.com,67,USA
174,Name_174,user174@example.com,46,UK
175,Name_175,user175@example.com,22,Germany
176,Name_176,user176@example.com,63,UK
177,Name_177,user177@example.com,42,Canada
178,Name_178,user178@example.com,29,USA
179,Name_179,user179@example.com,32,India
180,Name_180,user180@example.com,41,India
181,Name_181,user181@example.com,26,USA
182,Name_182,user182@example.com,31,UK
183,Name_183,user183@example.com,57,UK
184,Name_184,user184@example.com,68,USA
185,Name_185,user185@example.com,49,Canada
186,Name_186,user186@example.com,67,Germany
187,Name_187,user187@example.com,50,India
188,Name_188,user188@example.com,49,India
189,Name_189,user189@example.com,53,India
190,Name_190,user190@example.com,65,UK
191,Name_191,user191@example.com,55,UK
192,Name_192,user192@example.com,60,UK
193,Name_193,user193@example.com,48,UK
194,Name_194,user194@example.com,32,UK
195,Name_195,user195@example.com,38,Canada
196,Name_196,user196@example.com,29,Germany
197,Name_197,user197@example.com,30,Germany
198,Name_198,user198@example.com,58,Canada
199,Name_199,user199@example.com,26,UK
200,Name_200,user200@example.com,64,UK
201,Name_201,user201@example.com,21,Germany
202,Name_202,user202@example.com,40,India
203,Name_203,user203@example.com,66,India
204,Name_204,user204@example.com,53,UK
205,Name_205,user205@example.com,54,India
206,Name_206,user206@example.com,28,UK
207,Name_207,user207@example.com,57,Germany
208,Name_208,user208@example.com,69,UK
209,Name_209,user209@example.com,52,Canada
210,Name_210,user210@example.com,41,UK
211,Name_211,user211@example.com,59,Germany
212,Name_212,user212@example.com,61,Canada
213,Name_213,user213@example.com,68,USA
214,Name_214,user214@example.com,28,USA
215,Name_215,user215@example.com,37,Germany
216,Name_216,user216@example.com,31,UK
217,Name_217,user217@example.com,33,UK
218,Name_218,user218@example.com,22,Germany
219,Name_219,user219@example.com,60,USA
220,Name_220,user220@example.com,42,UK
221,Name_221,user221@example.com,26,Canada
222,Name_222,user222@example.com,49,USA
223,Name_223,user223@example.com,28,UK
224,Name_224,user224@example.com,21,USA
225,Name_225,user225@example.com,35,Canada
226,Name_226,user226@example.com,31,India
227,Name_227,user227@example.com,35,Germany
228,Name_228,user228@example.com,67,UK
229,Name_229,user229@example.com,19,USA
230,Name_230,user230@example.com,50,India
231,Name_231,user231@example.com,66,Canada
232,Name_232,user232@example.com,45,India
233,Name_233,user233@example.com,31,India
234,Name_234,user234@example.com,25,USA
235,Name_235,user235@example.com,22,Canada
236,Name_236,user236@example.com,19,USA
237,Name_237,user237@example.com,51,UK
238,Name_238,user238@example.com,65,USA
239,Name_239,user239@example.com,65,Canada
240,Name_240,user240@example.com,38,USA
241,Name_241,user241@example.com,32,Germany
242,Name_242,user242@example.com,67,Canada
243,Name_243,user243@example.com,49,USA
244,Name_244,user244@example.com,55,UK
245,Name_245,user245@example.com,66,India
246,Name_246,user246@example.com,26,USA
247,Name_247,user247@example.com,29,Canada
248,Name_248,user248@example.com,21,India
249,Name_249,user249@example.com,26,USA
250,Name_250,user250@example.com,45,Canada
251,Name_251,user251@example.com,52,Germany
252,Name_252,user252@example.com,23,India
253,Name_253,user253@example.com,69,Canada
254,Name_254,user254@example.com,52,USA
255,Name_255,user255@example.com,27,USA
256,Name_256,user256@example.com,44,Germany
257,Name_257,user257@example.com,37,UK
258,Name_258,user258@example.com,36,India
259,Name_259,user259@example.com,64,Germany
260,Name_260,user260@example.com,67,USA
261,Name_261,user261@example.com,18,Germany
262,Name_262,user262@example.com,42,USA
263,Name_263,user263@example.com,28,Germany
264,Name_264,user264@example.com,60,Germany
265,Name_265,user265@example.com,60,UK
266,Name_266,user266@example.com,25,India
267,Name_267,user267@example.com,55,India
268,Name_268,user268@example.com,29,USA
269,Name_269,user269@example.com,61,USA
270,Name_270,user270@example.com,22,India
271,Name_271,user271@example.com,43,UK
272,Name_272,user272@example.com,46,UK
273,Name_273,user273@example.com,65,UK
274,Name_274,user274@example.com,26,Germany
275,Name_275,user275@example.com,67,Canada
276,Name_276,user276@example.com,53,UK
277,Name_277,user277@example.com,28,USA
278,Name_278,user278@example.com,50,India
279,Name_279,user279@example.com,25,Canada
280,Name_280,user280@example.com,24,India
281,Name_281,user281@example.com,27,USA
282,Name_282,user282@example.com,21,UK
283,Name_283,user283@example.com,31,USA
284,Name_284,user284@example.com,55,USA
285,Name_285,user285@example.com,28,UK
286,Name_286,user286@example.com,20,UK
287,Name_287,user287@example.com,39,Germany
288,Name_288,user288@example.com,69,Canada
289,Name_289,user289@example.com,62,Germany
290,Name_290,user290@example.com,44,UK
291,Name_291,user291@example.com,64,USA
292,Name_292,user292@example.com,58,Germany
293,Name_293,user293@example.com,18,Germany
294,Name_294,user294@example.com,43,UK
295,Name_295,user295@example.com,69,USA
296,Name_296,user296@example.com,20,USA
297,Name_297,user297@example.com,59,Canada
298,Name_298,user298@example.com,62,UK
299,Name_299,user299@example.com,42,UK
300,Name_300,user300@example.com,61,Canada
301,Name_301,user301@example.com,32,UK
302,Name_302,user302@example.com,51,Canada
303,Name_303,user303@example.com,63,UK
304,Name_304,user304@example.com,27,India
305,Name_305,user305@example.com,59,Canada
306,Name_306,user306@example.com,62,Canada
307,Name_307,user307@example.com,19,UK
308,Name_308,user308@example.com,18,UK
309,Name_309,user309@example.com,38,Canada
310,Name_310,user310@example.com,58,India
311,Name_311,user311@example.com,61,Canada
312,Name_312,user312@example.com,24,UK
313,Name_313,user313@example.com,62,UK
314,Name_314,user314@example.com,19,Germany
315,Name_315,user315@example.com,18,India
316,Name_316,user316@example.com,41,India
317,Name_317,user317@example.com,24,Germany
318,Name_318,user318@example.com,54,Canada
319,Name_319,user319@example.com,30,UK
320,Name_320,user320@example.com,69,Germany
321,Name_321,user321@example.com,67,UK
322,Name_322,user322@example.com,47,UK
323,Name_323,user323@example.com,29,Germany
324,Name_324,user324@example.com,61,UK
325,Name_325,user325@example.com,22,USA
326,Name_326,user326@example.com,63,USA
327,Name_327,user327@example.com,20,USA
328,Name_328,user328@example.com,59,India
329,Name_329,user329@example.com,50,USA
330,Name_330,user330@example.com,34,Germany
331,Name_331,user331@example.com,56,India
332,Name_332,user332@example.com,65,Germany
333,Name_333,user333@example.com,35,UK
334,Name_334,user334@example.com,67,Germany
335,Name_335,user335@example.com,39,UK
336,Name_336,user336@example.com,37,UK
337,Name_337,user337@example.com,24,USA
338,Name_338,user338@example.com,47,India
339,Name_339,user339@example.com,49,USA
340,Name_340,user340@example.com,62,Canada
341,Name_341,user341@example.com,25,India
342,Name_342,user342@example.com,56,UK
343,Name_343,user343@example.com,51,USA
344,Name_344,user344@example.com,36,Germany
345,Name_345,user345@example.com,33,Canada
346,Name_346,user346@example.com,35,USA
347,Name_347,user347@example.com,42,USA
348,Name_348,user348@example.com,68,UK
349,Name_349,user349@example.com,26,Canada
350,Name_350,user350@example.com,47,UK
351,Name_351,user351@example.com,37,UK
352,Name_352,user352@example.com,56,UK
353,Name_353,user353@example.com,39,UK
354,Name_354,user354@example.com,64,Germany
355,Name_355,user355@example.com,42,Germany
356,Name_356,user356@example.com,50,Canada
357,Name_357,user357@example.com,64,Germany
358,Name_358,user358@example.com,51,USA
359,Name_359,user359@example.com,41,India
360,Name_360,user360@example.com,21,Canada
361,Name_361,user361@example.com,19,UK
362,Name_362,user362@example.com,58,USA
363,Name_363,user363@example.com,35,UK
364,Name_364,user364@example.com,23,India
365,Name_365,user365@example.com,68,Canada
366,Name_366,user366@example.com,24,USA
367,Name_367,user367@example.com,55,UK
368,Name_368,user368@example.com,63,Germany
369,Name_369,user369@example.com,47,UK
370,Name_370,user370@example.com,39,UK
371,Name_371,user371@example.com,52,Germany
372,Name_372,user372@example.com,42,Canada
373,Name_373,user373@example.com,32,USA
374,Name_374,user374@example.com,47,India
375,Name_375,user375@example.com,25,USA
376,Name_376,user376@example.com,20,Germany
377,Name_377,user377@example.com,52,Germany
378,Name_378,user378@example.com,56,Germany
379,Name_379,user379@example.com,67,Germany
380,Name_380,user380@example.com,33,UK
381,Name_381,user381@example.com,33,USA
382,Name_382,user382@example.com,42,UK
383,Name_383,user383@example.com,21,Canada
384,Name_384,user384@example.com,64,Canada
385,Name_385,user385@example.com,49,UK
386,Name_386,user386@example.com,25,Germany
387,Name_387,user387@example.com,36,USA
388,Name_388,user388@example.com,46,Canada
389,Name_389,user389@example.com,64,Germany
390,Name_390,user390@example.com,37,Canada
391,Name_391,user391@example.com,30,Germany
392,Name_392,user392@example.com,54,Germany
393,Name_393,user393@example.com,58,Germany
394,Name_394,user394@example.com,19,USA
395,Name_395,user395@example.com,62,India
396,Name_396,user396@example.com,31,USA
397,Name_397,user397@example.com,54,Canada
398,Name_398,user398@example.com,49,Canada
399,Name_399,user399@example.com,32,Canada
400,Name_400,user400@example.com,51,Germany
401,Name_401,user401@example.com,66,Germany
402,Name_402,user402@example.com,19,USA
403,Name_403,user403@example.com,43,Canada
404,Name_404,user404@example.com,37,UK
405,Name_405,user405@example.com,34,Canada
406,Name_406,user406@example.com,52,UK
407,Name_407,user407@example.com,45,Germany
408,Name_408,user408@example.com,55,Canada
409,Name_409,user409@example.com,37,USA
410,Name_410,user410@example.com,63,Germany
411,Name_411,user411@example.com,39,UK
412,Name_412,user412@example.com,36,USA
413,Name_413,user413@example.com,29,USA
414,Name_414,user414@example.com,45,UK
415,Name_415,user415@example.com,28,Germany
416,Name_416,user416@example.com,24,Canada
417,Name_417,user417@example.com,37,India
418,Name_418,user418@example.com,33,Germany
419,Name_419,user419@example.com,37,Germany
420,Name_420,user420@example.com,63,USA
421,Name_421,user421@example.com,48,Germany
422,Name_422,user422@example.com,33,UK
423,Name_423,user423@example.com,42,India
424,Name_424,user424@example.com,47,USA
425,Name_425,user425@example.com,44,Canada
426,Name_426,user426@example.com,65,Canada
427,Name_427,user427@example.com,44,Canada
428,Name_428,user428@example.com,51,Canada
429,Name_429,user429@example.com,28,Canada
430,Name_430,user430@example.com,18,Canada
431,Name_431,user431@example.com,20,India
432,Name_432,user432@example.com,42,Germany
433,Name_433,user433@example.com,37,India
434,Name_434,user434@example.com,60,Canada
435,Name_435,user435@example.com,21,Canada
436,Name_436,user436@example.com,51,USA
437,Name_437,user437@example.com,36,India
438,Name_438,user438@example.com,43,UK
439,Name_439,user439@example.com,31,USA
440,Name_440,user440@example.com,40,UK
441,Name_441,user441@example.com,55,India
442,Name_442,user442@example.com,58,Germany
443,Name_443,user443@example.com,44,UK
444,Name_444,user444@example.com,66,Canada
445,Name_445,user445@example.com,42,Canada
446,Name_446,user446@example.com,36,USA
447,Name_447,user447@example.com,67,India
448,Name_448,user448@example.com,33,UK
449,Name_449,user449@example.com,23,Germany
450,Name_450,user450@example.com,55,Germany
451,Name_451,user451@example.com,40,USA
452,Name_452,user452@example.com,56,UK
453,Name_453,user453@example.com,53,Canada
454,Name_454,user454@example.com,24,Canada
455,Name_455,user455@example.com,28,Germany
456,Name_456,user456@example.com,52,Germany
457,Name_457,user457@example.com,50,Germany
458,Name_458,user458@example.com,39,UK
459,Name_459,user459@example.com,22,Germany
460,Name_460,user460@example.com,21,India
461,Name_461,user461@example.com,48,Germany
462,Name_462,user462@example.com,41,Canada
463,Name_463,user463@example.com,35,USA
464,Name_464,user464@example.com,30,India
465,Name_465,user465@example.com,46,Germany
466,Name_466,user466@example.com,49,UK
467,Name_467,user467@example.com,53,Germany
468,Name_468,user468@example.com,42,India
469,Name_469,user469@example.com,51,Canada
470,Name_470,user470@example.com,31,Canada
471,Name_471,user471@example.com,62,UK
472,Name_472,user472@example.com,51,India
473,Name_473,user473@example.com,64,USA
474,Name_474,user474@example.com,54,Germany
475,Name_475,user475@example.com,18,UK
476,Name_476,user476@example.com,56,India
477,Name_477,user477@example.com,45,Germany
478,Name_478,user478@example.com,55,Canada
479,Name_479,user479@example.com,53,Canada
480,Name_480,user480@example.com,60,India
481,Name_481,user481@example.com,49,Germany
482,Name_482,user482@example.com,51,USA
483,Name_483,user483@example.com,57,UK
484,Name_484,user484@example.com,24,UK
485,Name_485,user485@example.com,58,Germany
486,Name_486,user486@example.com,29,USA
487,Name_487,user487@example.com,54,Canada
488,Name_488,user488@example.com,33,Canada
489,Name_489,user489@example.com,32,Canada
490,Name_490,user490@example.com,18,Canada
491,Name_491,user491@example.com,27,UK
492,Name_492,user492@example.com,32,UK
493,Name_493,user493@example.com,56,Germany
494,Name_494,user494@example.com,22,Germany
495,Name_495,user495@example.com,55,Germany
496,Name_496,user496@example.com,46,UK
497,Name_497,user497@example.com,39,India
498,Name_498,user498@example.com,25,UK
499,Name_499,user499@example.com,38,Germany
500,Name_500,user500@example.com,45,India
501,Name_501,user501@example.com,21,India
502,Name_502,user502@example.com,22,Canada
503,Name_503,user503@example.com,50,Germany
504,Name_504,user504@example.com,45,Canada
505,Name_505,user505@example.com,34,Germany
506,Name_506,user506@example.com,56,India
507,Name_507,user507@example.com,36,Canada
508,Name_508,user508@example.com,41,USA
509,Name_509,user509@example.com,63,USA
510,Name_510,user510@example.com,41,India
511,Name_511,user511@example.com,34,USA
512,Name_512,user512@example.com,35,UK
513,Name_513,user513@example.com,27,India
514,Name_514,user514@example.com,28,Canada
515,Name_515,user515@example.com,46,UK
516,Name_516,user516@example.com,28,UK
517,Name_517,user517@example.com,53,USA
518,Name_518,user518@example.com,52,USA
519,Name_519,user519@example.com,29,Germany
520,Name_520,user520@example.com,60,Germany
521,Name_521,user521@example.com,20,USA
522,Name_522,user522@example.com,60,Canada
523,Name_523,user523@example.com,43,UK
524,Name_524,user524@example.com,30,Canada
525,Name_525,user525@example.com,35,UK
526,Name_526,user526@example.com,50,India
527,Name_527,user527@example.com,19,India
528,Name_528,user528@example.com,61,Germany
529,Name_529,user529@example.com,48,Canada
530,Name_530,user530@example.com,53,India
531,Name_531,user531@example.com,62,Canada
532,Name_532,user532@example.com,33,Canada
533,Name_533,user533@example.com,56,USA
534,Name_534,user534@example.com,57,USA
535,Name_535,user535@example.com,31,USA
536,Name_536,user536@example.com,36,USA
537,Name_537,user537@example.com,46,Canada
538,Name_538,user538@example.com,34,India
539,Name_539,user539@example.com,38,USA
540,Name_540,user540@example.com,58,UK
541,Name_541,user541@example.com,61,India
542,Name_542,user542@example.com,63,India
543,Name_543,user543@example.com,52,USA
544,Name_544,user544@example.com,59,Canada
545,Name_545,user545@example.com,44,Germany
546,Name_546,user546@example.com,40,USA
547,Name_547,user547@example.com,50,India
548,Name_548,user548@example.com,18,Germany
549,Name_549,user549@example.com,64,UK
550,Name_550,user550@example.com,34,USA
551,Name_551,user551@example.com,39,Canada
552,Name_552,user552@example.com,39,USA
553,Name_553,user553@example.com,54,UK
554,Name_554,user554@example.com,37,Canada
555,Name_555,user555@example.com,46,USA
556,Name_556,user556@example.com,49,Germany
557,Name_557,user557@example.com,55,USA
558,Name_558,user558@example.com,41,USA
559,Name_559,user559@example.com,44,Canada
560,Name_560,user560@example.com,62,Germany
561,Name_561,user561@example.com,57,USA
562,Name_562,user562@example.com,53,India
563,Name_563,user563@example.com,21,USA
564,Name_564,user564@example.com,34,Canada
565,Name_565,user565@example.com,34,USA
566,Name_566,user566@example.com,64,India
567,Name_567,user567@example.com,18,Canada
568,Name_568,user568@example.com,52,UK
569,Name_569,user569@example.com,54,UK
570,Name_570,user570@example.com,55,Germany
571,Name_571,user571@example.com,24,UK
572,Name_572,user572@example.com,36,Germany
573,Name_573,user573@example.com,69,India
574,Name_574,user574@example.com,67,USA
575,Name_575,user575@example.com,55,India
576,Name_576,user576@example.com,36,USA
577,Name_577,user577@example.com,34,Germany
578,Name_578,user578@example.com,18,India
579,Name_579,user579@example.com,30,Germany
580,Name_580,user580@example.com,24,UK
581,Name_581,user581@example.com,50,Canada
582,Name_582,user582@example.com,63,UK
583,Name_583,user583@example.com,43,Germany
584,Name_584,user584@example.com,58,Canada
585,Name_585,user585@example.com,49,India
586,Name_586,user586@example.com,19,Germany
587,Name_587,user587@example.com,44,India
588,Name_588,user588@example.com,60,Canada
589,Name_589,user589@example.com,51,UK
590,Name_590,user590@example.com,44,USA
591,Name_591,user591@example.com,26,Germany
592,Name_592,user592@example.com,24,UK
593,Name_593,user593@example.com,18,Germany
594,Name_594,user594@example.com,53,UK
595,Name_595,user595@example.com,25,Germany
596,Name_596,user596@example.com,36,India
597,Name_597,user597@example.com,57,USA
598,Name_598,user598@example.com,31,India
599,Name_599,user599@example.com,50,USA
600,Name_600,user600@example.com,39,Germany
601,Name_601,user601@example.com,58,USA
602,Name_602,user602@example.com,67,India
603,Name_603,user603@example.com,64,Canada
604,Name_604,user604@example.com,38,Canada
605,Name_605,user605@example.com,21,Canada
606,Name_606,user606@example.com,44,India
607,Name_607,user607@example.com,28,India
608,Name_608,user608@example.com,55,Canada
609,Name_609,user609@example.com,21,Canada
610,Name_610,user610@example.com,43,UK
611,Name_611,user611@example.com,24,Germany
612,Name_612,user612@example.com,62,India
613,Name_613,user613@example.com,38,India
614,Name_614,user614@example.com,48,USA
615,Name_615,user615@example.com,21,Germany
616,Name_616,user616@example.com,58,USA
617,Name_617,user617@example.com,52,UK
618,Name_618,user618@example.com,47,Germany
619,Name_619,user619@example.com,26,India
620,Name_620,user620@example.com,65,USA
621,Name_621,user621@example.com,64,UK
622,Name_622,user622@example.com,66,India
623,Name_623,user623@example.com,68,Germany
624,Name_624,user624@example.com,56,India
625,Name_625,user625@example.com,45,Canada
626,Name_626,user626@example.com,48,India
627,Name_627,user627@example.com,22,USA
628,Name_628,user628@example.com,66,USA
629,Name_629,user629@example.com,67,India
630,Name_630,user630@example.com,47,Canada
631,Name_631,user631@example.com,64,USA
632,Name_632,user632@example.com,19,UK
633,Name_633,user633@example.com,63,Germany
634,Name_634,user634@example.com,31,India
635,Name_635,user635@example.com,52,UK
636,Name_636,user636@example.com,39,USA
637,Name_637,user637@example.com,29,USA
638,Name_638,user638@example.com,54,India
639,Name_639,user639@example.com,41,UK
640,Name_640,user640@example.com,33,UK
641,Name_641,user641@example.com,56,India
642,Name_642,user642@example.com,52,Canada
643,Name_643,user643@example.com,27,India
644,Name_644,user644@example.com,19,UK
645,Name_645,user645@example.com,46,Canada
646,Name_646,user646@example.com,41,Germany
647,Name_647,user647@example.com,31,UK
648,Name_648,user648@example.com,42,USA
649,Name_649,user649@example.com,29,USA
650,Name_650,user650@example.com,48,USA
651,Name_651,user651@example.com,46,India
652,Name_652,user652@example.com,46,USA
653,Name_653,user653@example.com,47,UK
654,Name_654,user654@example.com,65,UK
655,Name_655,user655@example.com,41,UK
656,Name_656,user656@example.com,52,UK
657,Name_657,user657@example.com,20,India
658,Name_658,user658@example.com,59,Germany
659,Name_659,user659@example.com,29,Canada
660,Name_660,user660@example.com,64,USA
661,Name_661,user661@example.com,66,USA
662,Name_662,user662@example.com,30,Canada
663,Name_663,user663@example.com,36,USA
664,Name_664,user664@example.com,38,India
665,Name_665,user665@example.com,39,USA
666,Name_666,user666@example.com,49,USA
667,Name_667,user667@example.com,44,Germany
668,Name_668,user668@example.com,60,India
669,Name_669,user669@example.com,25,Germany
670,Name_670,user670@example.com,26,UK
671,Name_671,user671@example.com,54,Canada
672,Name_672,user672@example.com,24,UK
673,Name_673,user673@example.com,42,USA
674,Name_674,user674@example.com,20,Germany
675,Name_675,user675@example.com,38,USA
676,Name_676,user676@example.com,31,UK
677,Name_677,user677@example.com,51,UK
678,Name_678,user678@example.com,64,Germany
679,Name_679,user679@example.com,61,UK
680,Name_680,user680@example.com,61,India
681,Name_681,user681@example.com,34,Canada
682,Name_682,user682@example.com,33,UK
683,Name_683,user683@example.com,69,Canada
684,Name_684,user684@example.com,25,UK
685,Name_685,user685@example.com,32,Canada
686,Name_686,user686@example.com,42,India
687,Name_687,user687@example.com,40,India
688,Name_688,user688@example.com,63,USA
689,Name_689,user689@example.com,59,UK
690,Name_690,user690@example.com,68,Germany
691,Name_691,user691@example.com,47,Germany
692,Name_692,user692@example.com,23,India
693,Name_693,user693@example.com,18,USA
694,Name_694,user694@example.com,64,UK
695,Name_695,user695@example.com,59,Canada
696,Name_696,user696@example.com,40,India
697,Name_697,user697@example.com,66,India
698,Name_698,user698@example.com,62,Germany
699,Name_699,user699@example.com,40,Germany
700,Name_700,user700@example.com,54,UK
701,Name_701,user701@example.com,21,USA
702,Name_702,user702@example.com,60,Germany
703,Name_703,user703@example.com,64,Canada
704,Name_704,user704@example.com,49,Canada
705,Name_705,user705@example.com,31,India
706,Name_706,user706@example.com,37,Germany
707,Name_707,user707@example.com,62,USA
708,Name_708,user708@example.com,38,Germany
709,Name_709,user709@example.com,55,USA
710,Name_710,user710@example.com,39,Germany
711,Name_711,user711@example.com,23,Germany
712,Name_712,user712@example.com,68,India
713,Name_713,user713@example.com,53,Canada
714,Name_714,user714@example.com,66,UK
715,Name_715,user715@example.com,35,India
716,Name_716,user716@example.com,57,UK
717,Name_717,user717@example.com,55,UK
718,Name_718,user718@example.com,31,India
719,Name_719,user719@example.com,68,Canada
720,Name_720,user720@example.com,49,USA
721,Name_721,user721@example.com,42,USA
722,Name_722,user722@example.com,48,India
723,Name_723,user723@example.com,30,USA
724,Name_724,user724@example.com,33,Germany
725,Name_725,user725@example.com,24,UK
726,Name_726,user726@example.com,34,USA
727,Name_727,user727@example.com,19,USA
728,Name_728,user728@example.com,58,Germany
729,Name_729,user729@example.com,68,UK
730,Name_730,user730@example.com,40,Canada
731,Name_731,user731@example.com,29,Germany
732,Name_732,user732@example.com,56,Germany
733,Name_733,user733@example.com,53,Canada
734,Name_734,user734@example.com,48,Canada
735,Name_735,user735@example.com,54,UK
736,Name_736,user736@example.com,46,India
737,Name_737,user737@example.com,27,Canada
738,Name_738,user738@example.com,51,Germany
739,Name_739,user739@example.com,20,USA
740,Name_740,user740@example.com,69,USA
741,Name_741,user741@example.com,27,UK
742,Name_742,user742@example.com,28,USA
743,Name_743,user743@example.com,49,UK
744,Name_744,user744@example.com,63,USA
745,Name_745,user745@example.com,68,Canada
746,Name_746,user746@example.com,38,India
747,Name_747,user747@example.com,31,USA
748,Name_748,user748@example.com,64,India
749,Name_749,user749@example.com,68,Germany
750,Name_750,user750@example.com,39,Germany
751,Name_751,user751@example.com,55,Germany
752,Name_752,user752@example.com,25,UK
753,Name_753,user753@example.com,65,Canada
754,Name_754,user754@example.com,58,Canada
755,Name_755,user755@example.com,41,Canada
756,Name_756,user756@example.com,37,India
757,Name_757,user757@example.com,25,India
758,Name_758,user758@example.com,50,USA
759,Name_759,user759@example.com,23,Germany
760,Name_760,user760@example.com,54,USA
761,Name_761,user761@example.com,55,India
762,Name_762,user762@example.com,24,USA
763,Name_763,user763@example.com,61,Germany
764,Name_764,user764@example.com,59,USA
765,Name_765,user765@example.com,33,Germany
766,Name_766,user766@example.com,61,India
767,Name_767,user767@example.com,29,Germany
768,Name_768,user768@example.com,67,USA
769,Name_769,user769@example.com,47,India
770,Name_770,user770@example.com,54,Canada
771,Name_771,user771@example.com,19,USA
772,Name_772,user772@example.com,47,Germany
773,Name_773,user773@example.com,20,Canada
774,Name_774,user774@example.com,45,Germany
775,Name_775,user775@example.com,46,Canada
776,Name_776,user776@example.com,55,India
777,Name_777,user777@example.com,56,India
778,Name_778,user778@example.com,63,Germany
779,Name_779,user779@example.com,42,Germany
780,Name_780,user780@example.com,66,India
781,Name_781,user781@example.com,34,Canada
782,Name_782,user782@example.com,45,Canada
783,Name_783,user783@example.com,22,Canada
784,Name_784,user784@example.com,55,USA
785,Name_785,user785@example.com,22,Germany
786,Name_786,user786@example.com,50,USA
787,Name_787,user787@example.com,37,USA
788,Name_788,user788@example.com,41,USA
789,Name_789,user789@example.com,28,Canada
790,Name_790,user790@example.com,36,Canada
791,Name_791,user791@example.com,60,Canada
792,Name_792,user792@example.com,69,India
793,Name_793,user793@example.com,60,USA
794,Name_794,user794@example.com,52,India
795,Name_795,user795@example.com,21,India
796,Name_796,user796@example.com,22,USA
797,Name_797,user797@example.com,48,Canada
798,Name_798,user798@example.com,59,India
799,Name_799,user799@example.com,31,Germany
800,Name_800,user800@example.com,56,Germany
801,Name_801,user801@example.com,22,India
802,Name_802,user802@example.com,61,Germany
803,Name_803,user803@example.com,20,Germany
804,Name_804,user804@example.com,32,Germany
805,Name_805,user805@example.com,25,UK
806,Name_806,user806@example.com,38,USA
807,Name_807,user807@example.com,60,USA
808,Name_808,user808@example.com,26,Germany
809,Name_809,user809@example.com,32,India
810,Name_810,user810@example.com,32,India
811,Name_811,user811@example.com,39,USA
812,Name_812,user812@example.com,18,USA
813,Name_813,user813@example.com,44,Canada
814,Name_814,user814@example.com,53,Canada
815,Name_815,user815@example.com,44,USA
816,Name_816,user816@example.com,37,UK
817,Name_817,user817@example.com,43,UK
818,Name_818,user818@example.com,46,USA
819,Name_819,user819@example.com,18,UK
820,Name_820,user820@example.com,28,Canada
821,Name_821,user821@example.com,54,Germany
822,Name_822,user822@example.com,31,India
823,Name_823,user823@example.com,18,Germany
824,Name_824,user824@example.com,45,USA
825,Name_825,user825@example.com,34,USA
826,Name_826,user826@example.com,69,UK
827,Name_827,user827@example.com,68,UK
828,Name_828,user828@example.com,23,USA
829,Name_829,user829@example.com,56,USA
830,Name_830,user830@example.com,47,India
831,Name_831,user831@example.com,68,India
832,Name_832,user832@example.com,63,Germany
833,Name_833,user833@example.com,54,USA
834,Name_834,user834@example.com,38,USA
835,Name_835,user835@example.com,43,India
836,Name_836,user836@example.com,61,India
837,Name_837,user837@example.com,53,UK
838,Name_838,user838@example.com,27,UK
839,Name_839,user839@example.com,47,Canada
840,Name_840,user840@example.com,48,India
841,Name_841,user841@example.com,37,USA
842,Name_842,user842@example.com,54,USA
843,Name_843,user843@example.com,68,Germany
844,Name_844,user844@example.com,32,India
845,Name_845,user845@example.com,32,USA
846,Name_846,user846@example.com,25,Canada
847,Name_847,user847@example.com,47,USA
848,Name_848,user848@example.com,25,Germany
849,Name_849,user849@example.com,64,USA
850,Name_850,user850@example.com,44,Canada
851,Name_851,user851@example.com,47,India
852,Name_852,user852@example.com,45,UK
853,Name_853,user853@example.com,46,UK
854,Name_854,user854@example.com,28,UK
855,Name_855,user855@example.com,46,Canada
856,Name_856,user856@example.com,27,Germany
857,Name_857,user857@example.com,46,USA
858,Name_858,user858@example.com,67,Germany
859,Name_859,user859@example.com,65,Germany
860,Name_860,user860@example.com,58,UK
861,Name_861,user861@example.com,43,UK
862,Name_862,user862@example.com,24,India
863,Name_863,user863@example.com,54,UK
864,Name_864,user864@example.com,46,Germany
865,Name_865,user865@example.com,60,UK
866,Name_866,user866@example.com,66,USA
867,Name_867,user867@example.com,47,UK
868,Name_868,user868@example.com,37,Canada
869,Name_869,user869@example.com,56,Germany
870,Name_870,user870@example.com,28,USA
871,Name_871,user871@example.com,46,USA
872,Name_872,user872@example.com,52,USA
873,Name_873,user873@example.com,41,USA
874,Name_874,user874@example.com,41,UK
875,Name_875,user875@example.com,63,USA
876,Name_876,user876@example.com,38,Germany
877,Name_877,user877@example.com,58,Canada
878,Name_878,user878@example.com,27,USA
879,Name_879,user879@example.com,26,Canada
880,Name_880,user880@example.com,63,India
881,Name_881,user881@example.com,55,USA
882,Name_882,user882@example.com,51,India
883,Name_883,user883@example.com,40,USA
884,Name_884,user884@example.com,27,UK
885,Name_885,user885@example.com,50,Canada
886,Name_886,user886@example.com,58,Germany
887,Name_887,user887@example.com,64,India
888,Name_888,user888@example.com,24,USA
889,Name_889,user889@example.com,63,USA
890,Name_890,user890@example.com,50,USA
891,Name_891,user891@example.com,58,Germany
892,Name_892,user892@example.com,46,UK
893,Name_893,user893@example.com,60,USA
894,Name_894,user894@example.com,69,USA
895,Name_895,user895@example.com,25,Germany
896,Name_896,user896@example.com,40,Germany
897,Name_897,user897@example.com,32,Germany
898,Name_898,user898@example.com,26,UK
899,Name_899,user899@example.com,57,UK
900,Name_900,user900@example.com,25,UK
901,Name_901,user901@example.com,29,USA
902,Name_902,user902@example.com,51,India
903,Name_903,user903@example.com,18,UK
904,Name_904,user904@example.com,18,Germany
905,Name_905,user905@example.com,58,USA
906,Name_906,user906@example.com,41,Canada
907,Name_907,user907@example.com,69,UK
908,Name_908,user908@example.com,56,USA
909,Name_909,user909@example.com,34,UK
910,Name_910,user910@example.com,60,USA
911,Name_911,user911@example.com,37,Canada
912,Name_912,user912@example.com,30,USA
913,Name_913,user913@example.com,36,USA
914,Name_914,user914@example.com,34,India
915,Name_915,user915@example.com,57,India
916,Name_916,user916@example.com,47,Germany
917,Name_917,user917@example.com,68,Germany
918,Name_918,user918@example.com,36,UK
919,Name_919,user919@example.com,38,UK
920,Name_920,user920@example.com,65,Canada
921,Name_921,user921@example.com,21,Canada
922,Name_922,user922@example.com,30,India
923,Name_923,user923@example.com,68,India
924,Name_924,user924@example.com,42,India
925,Name_925,user925@example.com,37,Germany
926,Name_926,user926@example.com,39,USA
927,Name_927,user927@example.com,20,Germany
928,Name_928,user928@example.com,39,Canada
929,Name_929,user929@example.com,22,Germany
930,Name_930,user930@example.com,49,Germany
931,Name_931,user931@example.com,27,USA
932,Name_932,user932@example.com,37,UK
933,Name_933,user933@example.com,32,Germany
934,Name_934,user934@example.com,57,Germany
935,Name_935,user935@example.com,41,USA
936,Name_936,user936@example.com,60,USA
937,Name_937,user937@example.com,64,India
938,Name_938,user938@example.com,69,UK
939,Name_939,user939@example.com,59,USA
940,Name_940,user940@example.com,27,India
941,Name_941,user941@example.com,27,USA
942,Name_942,user942@example.com,31,USA
943,Name_943,user943@example.com,68,Canada
944,Name_944,user944@example.com,21,India
945,Name_945,user945@example.com,25,Germany
946,Name_946,user946@example.com,32,India
947,Name_947,user947@example.com,41,Canada
948,Name_948,user948@example.com,40,Germany
949,Name_949,user949@example.com,34,Germany
950,Name_950,user950@example.com,45,USA
951,Name_951,user951@example.com,60,USA
952,Name_952,user952@example.com,30,Canada
953,Name_953,user953@example.com,39,Canada
954,Name_954,user954@example.com,47,Canada
955,Name_955,user955@example.com,51,Germany
956,Name_956,user956@example.com,50,India
957,Name_957,user957@example.com,40,India
958,Name_958,user958@example.com,34,Canada
959,Name_959,user959@example.com,28,Germany
960,Name_960,user960@example.com,32,UK
961,Name_961,user961@example.com,30,UK
962,Name_962,user962@example.com,40,USA
963,Name_963,user963@example.com,43,India
964,Name_964,user964@example.com,43,UK
965,Name_965,user965@example.com,58,India
966,Name_966,user966@example.com,49,Canada
967,Name_967,user967@example.com,32,Germany
968,Name_968,user968@example.com,57,Canada
969,Name_969,user969@example.com,32,India
970,Name_970,user970@example.com,65,Canada
971,Name_971,user971@example.com,64,India
972,Name_972,user972@example.com,44,USA
973,Name_973,user973@example.com,23,USA
974,Name_974,user974@example.com,37,USA
975,Name_975,user975@example.com,30,Canada
976,Name_976,user976@example.com,32,UK
977,Name_977,user977@example.com,40,India
978,Name_978,user978@example.com,26,UK
979,Name_979,user979@example.com,38,USA
980,Name_980,user980@example.com,66,USA
981,Name_981,user981@example.com,62,UK
982,Name_982,user982@example.com,66,Canada
983,Name_983,user983@example.com,31,UK
984,Name_984,user984@example.com,69,India
985,Name_985,user985@example.com,22,UK
986,Name_986,user986@example.com,19,Canada
987,Name_987,user987@example.com,56,USA
988,Name_988,user988@example.com,20,Canada
989,Name_989,user989@example.com,23,Germany
990,Name_990,user990@example.com,25,USA
991,Name_991,user991@example.com,52,UK
992,Name_992,user992@example.com,37,UK
993,Name_993,user993@example.com,66,India
994,Name_994,user994@example.com,27,Canada
995,Name_995,user995@example.com,40,Canada
996,Name_996,user996@example.com,56,Canada
997,Name_997,user997@example.com,59,India
998,Name_998,user998@example.com,53,India
999,Name_999,user999@example.com,33,USA
1000,Name_1000,user1000@example.com,69,USA
